eventID,stem,event,details,wikipedia,mnemonic,itemDifficulty,categories,America,Europe,Asia,Africa,China,Discovery,Britain,France,Greek,India,Invention,MiddleEast,prehistory,Religion,Roman,Royalty,Russia,Science,Wars,World,YearNum
0,c.3500 BC,"Invention of the wheel and plough in Mesopotamia (present-day Iraq); invention of the sail in Egypt: three fundamental inventions for trade, agriculture and exploration",,,,6,"[prehistory,]",,,,,,,,,,,,,1,,,,,,,,-3500
1,c.3200 BC,Invention of writing in Mesopotamia: the means to record and understand human history,,,,8,"[prehistory,]",,,,,,,,,,,,,1,,,,,,,,-3200
2,c.3000 BC,Founding of the first cities in Sumeria (present-day Iraq): origin of modern social and administrative structures,,,,8,"[prehistory,]",,,,,,,,,,,,,1,,,,,,,,-3000
3,c.3000 BC,Building of the Great Pyramid.,,,,4,"[prehistory,]",,,,,,,,,,,,,1,,,,,,,,-3000
4,c.1600 BC,Modern alphabet invented: the essential means of communication of complex concepts and culture,,,,8,"[prehistory,]",,,,,,,,,,,,,1,,,,,,,,-1600
5,c.1600 BC,"Beginning of Greek civilisation: essential to Western heritage and the root of mathematics, philosophy, political thinking and medicine",,,,7,"[prehistory,]",,,,,,,,,,,,,1,,,,,,,,-1600
6,1200 BC,Consensus for the Fall of Troy (if there was a Trojan War).,,,,6,,,,,,,,,,1,,,,,,,,,,1,,-1200
7,995 BC,The Judean King David captures Jerusalem.,,,,5,,,,,,,,,,,,,,,,,1,,,,,-995
8,776 BC,First Olympiad in Greece.,,,,6,"[prehistory,]",,1,,,,,,,,,,,1,,,,,,,,-776
9,776 BC,Legendary start of the Ancient Olympics.,,,,4,,,,,,,,,,1,,,,,,,,,,,,-776
10,753 BC,"Foundation of Rome: the Roman Empire is a pillar of the modern age, producing ideas on justice, law, engineering and warfare",,,,5,"[prehistory,]",,,,,,,,,,,,,1,,,,,,,,-753
11,753 BC,Legendary founding of Rome.,,,,4,,,,,,,,,,,,,,,,,,,,,,-753
12,c.670 BC,"Invention of ironworking: metallurgy is the key to further technical, economic and military developments",,,,8,"[prehistory,]",,,,,,,,,,,,,1,,,,,,,,-670
13,588 BC,Babylonian King Nebuchadnezzar conquers Jerusalem and brings the Judean king and thousands of citizens of Judea back to Babylon with him.,,,,8,,,,,,,,,,,,,,,,,1,,,1,,-588
14,585 BC,Greek philosopher Thales of Miletus successfully predicts a solar eclipse on May 28.,,,,7,,,,,,,,,,1,,,,,,,,,,,,-585
15,c.551 BC,"Birth of Confucius, the founder of one of the world's major philosophical systems",,,,7,"[prehistory,]",,,,,,,,,,,,,1,1,,,,,,,-551
16,550 BC,Cyrus the Great establishes the Achaemenid dynasty of the Persian Empire.,,,,7,,,,,,,,,,1,,,,,,,,,,,,-550
17,490 BC,"Greeks defeated the Persians at the Battle of Marathon.Battle of Marathon: the Greeks repel a Persian invasion, securing the survival of Greek culture and science",,,,7,"[prehistory,]",,,,,,,,,,,,,1,,,,,,,,-490
18,490 BC,Greeks win against the Persians in Battle of Marathon.,,,,5,,,,,,,,,,1,,,,,,,,,,1,,-490
19,486 BC,"Birth of Buddha, founder of one of the world's major religions",,,,7,,,,,,,,,,,1,,,1,1,,,,,,,-486
20,483 BC,Indian philosopher Siddhartha Gautama Buddha (563Â–483) dies and his followers begin to organize a religious movement based on his teachings.,,,,7,,,,,,,,,,,1,,,,,,,,,,,-483
21,360 BC,The period of Aristotle and Plato.,,,,7,,,,,,,,,,1,,,,1,,,,,,,,-360
22,336 BC,Philip's son Alexander the Great (356Â–323) rules Macedonia.,,,,7,,,,,,,,,,1,,,,,,,1,,,,,-336
23,334 BC,Alexander fights and wins against the Persians at the Battle of Granicus in Anatolia.,,,,6,,,,,,,,,,1,,,,,,,,,,1,,-334
24,333 BC,Macedonian forces under Alexander defeat the Persians at the Battle of Issus.,,,,6,,,,,,,,,,1,,,,,,,,,,1,,-333
25,332 BC,Egypt conquered by Alexander.,,,,8,,,,,,,,,,1,,,,1,,,,,,,,-332
26,332 BC,"Alexander conquers Egypt, founds Alexandria, and installs a Greek government but leaves the next year.",,,,6,,,,,,,,,,1,,,,,,,,,,1,,-332
27,331 BC,"At the Battle of Gaugamela, Alexander defeats the Persian king Darius III.",,,,6,,,,,,,,,,1,,,,,,,,,,1,,-331
28,327 BC,Empire of Alexander the Great reaches into India: the first example of a long-term and often violent interrelationship between Europe and Asia,,,,6,,,,,,,,,,,,,,1,,,,,,,,-327
29,326 BC,"Alexander reaches the limit of his expansion, winning the Battle of the Hydaspes in the northern Punjab region of what is today Pakistan.",,,,6,,,,,,,,,,1,,,,,,,,,,1,,-326
30,324 BC,"The Mauryan empire in India is founded by Chandragupta Maurya, the first ruler to unite most of the Indian subcontinent.",,,,5,,,,,,,,,,,1,,,,,,1,,,,,-324
31,323 BC,"Alexander dies, and his empire falls apart as his generals, the diadochi, battle one another for supremacy.",,,,4,,,,,,,,,,1,,,,,,,1,,,,,-323
32,323 BC,Alexander dies at Babylon.,,,,5,,,,,,,,,,1,,,,1,,,,,,,,-323
33,305 BC,"The first Greek pharaoh of Egypt, Ptolemy I, takes over the reins and establishes the Ptolemaic dynasty.",,,,8,,,,,,,,,,1,,,,,,,,,,,,-305
34,240 BC,Greek mathematician Eratosthenes (276Â–194) measures the Earth's circumference.,,,,7,,,,,,,,,,1,,,,,,,,,,,,-240
35,214 BC,Work on the Great Wall of China begins.,,,,8,,,,,,1,,,,,,,,1,,,,,,,,-214
36,202 BC,Hannibal is defeated by Rome: the victory is essential to secure the survival and expansion of Roman civilisation,,,,7,"[prehistory, Roman,]",,1,,,,,,,,,,,1,,1,,,,,,-202
37,60 BC,"Roman leaders Pompey, Crassus, and Julius Caesar form the ""First Triumvirate.""","TheÂ First Triumvirate (60Â–53Â BC) was an informal alliance among three prominent politicians in the lateÂ Roman Republic:Â Gaius Julius Caesar,Â Gnaeus Pompeius MagnusÂ andÂ Marcus  Crassus.",https://en.wikipedia.org/wiki/First_Triumvirate,,7,,,,,,,,,,,,,,,,1,,,,,,-60
38,55 BC,Julius Caesar invades Britain.,,,,6,,,,,,,,,,,,,,,,1,,,,,,-55
39,55 BC,Julius Ceasar attacks Great Britain.,,,,5,"[prehistory, Roman,]",,1,,,,,,,,,,,1,,1,,,,,,-55
40,49 BC,"Caesar crosses the Rubicon, precipitating the Roman Civil War.",,,,4,,,,,,,,,,,,,,,,1,,,,1,,-49
41,48 BC,Battle of Pharsalus (Ceaser vs Pompey),"The Battle of Pharsalus was the decisive battle of Caesar's Civil War fought on 9 August 48 BC near Pharsalus in central Greece.Julius Caesar and his allies formed up opposite the army of the Roman Republic under the command of Pompey. Pompey had the backing of a majority of RomanÂ senatorsÂ and his army significantly outnumbered the veteran Caesarian legions, but Pompey lost, fled to Egypt and was murdered there.",https://en.wikipedia.org/wiki/Battle_of_Pharsalus,,5,,,,,,,,,,,,,,1,,1,,,,1,,-48
42,44 BC,"On the Ides of March (March 15), Caesar is assassinated.",,,,6,,,,,,,,,,,,,,,,1,,,,,,-44
43,43 BC,"The 2nd Triumvirate, that of Marc Antony, Octavian, and M Aemillius Lepidus, is established.",,,,9,,,,,,,,,,,,,,,,1,,,,,,-43
44,27 BC,Founding of the Roman Empire: this is the start of the classic period of Roman domination in Europe and the Mediterranean,,,,6,"[prehistory, Roman,]",,1,,,,,,,,,,,1,,1,,,,,,-27
45,c.5 BC,"Birth of Jesus Christ, founder of the many branches of Christianity. The exact date is disputed",,,,3,,,,,,,,,,,,,,,1,,,,,,,-5
46,29,Crucifixion of Jesus Christ.,,,,3,,,,,,,,,,,,,,,1,1,,,,,,29
47,33,Judean philosopher Jesus (3 BCEÂ–33 CE) is executed by Rome and his followers continue.,"According to the canonical gospels,Â JesusÂ wasÂ arrestedÂ andÂ tried by the Sanhedrin, and then byÂ Pontius Pilate, who sentenced him to beÂ scourged, and finally crucified by theÂ Romans",https://en.wikipedia.org/wiki/Crucifixion_of_Jesus,"Believed to be April 3, 33. Friday a day of lunar eclipse.",3,,,,,,,,,,,,,,,1,1,,,,,1,33
48,64,Rome burns while Nero (supposedly) fiddles.,"The popular legend that Nero played theÂ fiddleÂ while Rome burned ""is at least partly a literary construct ofÂ FlavianÂ propaganda. Nero was egotistical, unpopular and built a temple to himself on the site of the fire, leading to this assertion about him ""fiddling.""",https://en.wikipedia.org/wiki/Nero#Great_Fire_of_Rome,Fire started in 64. Nero was done by 68,6,,,1,,,,,,,,,,,,,1,,,,,,64
49,79,Mount Vesuvius erupts burying the Roman cities of Pompeii and Herculaneum.,"In the autumn of 79 AD, Mount Vesuvius violently spewed forth a deadlyÂ cloudÂ of super-heated gasesÂ to a height of 33Â km (21Â mi), ejectingÂ molten rock, pulverizedÂ pumiceÂ andÂ hot ash, ultimately releasing 100,000 times the thermal energy of the Hiroshima bomb.",https://en.wikipedia.org/wiki/Eruption_of_Mount_Vesuvius_in_79_AD,"Emperor Titus started his rule in 79, and a coin found in Pompeii was from that time. ",3,,,1,,,,,,,,,,,,,1,,,,,1,79
50,105,"First use of modern paper: this replaced stone, slate, papyrus and vellum as a cheap and convenient medium",,,,8,,,,,,,,,,,,,,,,,,,,,,105
51,122,"Roman soldiers begin building Hadrian's Wall, a defensive structure that will eventually stretch 70 miles across Northern England and marks the northern limit of the empire in Great Britain.","Hadrian's WallÂ is a former defensive fortification of theÂ Roman provinceÂ ofÂ Britannia, begun in ADÂ 122 in the reign of the emperorÂ Hadrian",https://en.wikipedia.org/wiki/Hadrian%27s_Wall,"In 122, Hadrian (emperor since 117) decided to end the empire's expansion, and commissioned the wall.",7,,,1,,,,,1,,,,,,,,1,,,,,,122
52,280,Unification of China under the Western Chin dynasty creates the political shape of modern China,,,,8,,,,,,1,,,,,,,,,,,,,,,,280
53,312,Roman Emperor Constantine converts to Christianity: this made it possible for Christianity to spread across Europe,,,,3,,,1,,,,,,,,,,,,1,1,,,,,,312
54,324,Constantine the Great establishes his capital at Byzantium (Constantinople).,"In 324, the ancient city ofÂ ByzantiumÂ was renamed ""New Rome"" and declared the new capital of the Roman Empire by EmperorÂ Constantine the Great",https://en.wikipedia.org/wiki/Constantine_the_Great#Foundation_of_Constantinople,"In 324, Byzantium was chosen as the capital, because of the strategic importance of the East.",5,,,1,1,,,,,,,,,,,,1,1,,,,1,324
55,375,Huns' invasion of Europe.,,,,8,,,1,,,,,,,,,,,,,,,,,,,375
56,476,"Arguably, the western Roman Empire ends when Emperor Romulus Augustulus is removed from office.","Â In 476,Â the Germanic leader Odoacer staged a revolt and deposed the Emperor Romulus Augustulus. From then on, no Roman emperor would ever again rule from a post in Italy, leading many to cite 476 as the year the Western Empire suffered its deathblow.",https://en.wikipedia.org/wiki/Fall_of_the_Western_Roman_Empire,"Exactly 1300 years after the end of the Roman empire, America gains independence.",5,,,1,,,,,,,,,,,,,1,1,,,,1,476
57,476,Fall of the Roman Empire in the West ends 800 years of Roman hegemony. The creation of moderen Europe begins,,,,3,,,1,,,,,,,,,,,,,,,,,,,476
58,570,Prophet Mohammed born at Mecca.,,,,2,"[Islam, ]",,,1,,,,,,,,,,,1,,,,,,,570
59,c.AD 570,"Birth of Muhammad, founder of one of the world's great religions",,,,3,"[Islam, ]",,,,,,,,,,,,,,1,,,,,,,570
60,622,Flight of Mohammed from Mecca to Madina.,,,,6,"[Islam, ]",,,1,,,,,,,,,,,1,,,,,,,622
61,632,Death of Mohammed; Beginning of Hijiri Era.,,,,6,"[Islam, ]",,,1,,,,,,,,,,,1,,,,,,,632
62,711,Arabs invade Spain.,,https://en.wikipedia.org/wiki/Arabs_in_Europe#Arab_occupation_of_Iberian_Peninsula,,8,"[Islam, ]",,1,1,,,,,,,,,,,,,,,,1,,711
63,c.AD 730,Printing invented in China: an essential step in mass communication/ administration/cultural dissemination,,,,8,,,,,,1,,,,,,,,,,,,,,,,730
64,800,"Charlemagne crowned Emperor of the new Western Empire. This marked the point at which Europe began to reintegrate. The Holy Roman Empire lasts for 1,000 years",,,,7,,,1,,,,,1,,,,,,,,1,,,,,,800
65,1054,Schism of Greek and Latin Christian Churches divides Christianity permanently into two geographical and denominational halves,,,,7,,,1,,,,,,,,,,,,1,,,,,,,1054
66,1066,The battle of Hastings and the Norman conquest,,,,2,,,1,,,,,1,,,,,,,,,,,,1,,1066
67,1066,Norman invasion of England; Victory of William the Conquerer over the English King Harold II at Hastings.,,,,2,,,1,,,,,1,,,,,,,,,,,,,,1066
68,1088,"First university founded in Bologna, Italy: the start of a modern conception of higher learning and universal knowledge",,,,7,,,1,,,,,,,,,,,,,,,,,,,1088
69,1095,The First Crusade is decreed. The start of European Christian knights mounting successive military campaigns in attempts to conquer the Holy Land.,,,,6,,,,,,,,,,,,,,,1,,,,,,,1095
70,1206,Genghis Khan begins his conquest of Asia. This has a major impact on Asian development and the movement of peoples,,,,6,,,,1,,,,,,,,,,,,,,,,,,1206
71,1215,Magna Carta signed by King John at Runnymede: this is the origin of the modern concept of constitutional rule,,,,3,,,1,,,,,1,,,,,,,,,,,,,,1215
72,1280,Roger Bacon invents gunpowder.,,,,6,"[Britain, Middle Ages, ]",,1,,,,,1,,,,,,,,,,,,,,1280
73,1314,The battle of Bannockburn in which the Scottish leaderÂ Robert the BruceÂ took on the English kingÂ Edward IIÂ in a pivotal conflict in ScotlandÂ’s fight for independence.,,,,8,,,,,,,,,,,,,,,,,,,,,,1314
74,1338,The Hundred years War broke out.,,,,7,"[Wars, Britain, France, Middle Ages]",,1,,,,,1,,,,,,,,,,,,,,1338
75,1348,England faces Black Death Plague.,"The summer of 1348 saw the first outbreak of the bubonic plague in England, leading to an epidemic of huge proportions. The disease is estimated to have killed between a third and a half of the population Â– a devastating and unprecedented death rate.",,,6,"[Britain,]",,1,,,,,,,,,,,,,,,,,,,1348
76,1453,"Fall of Constantinople to the Ottoman Turks: Almost 500 years of Turkish domination of the Eastern Mediterranean, North Africa and the Middle East begins",,,,4,"[Middle Ages, ]",,,1,,,,,,,,,,,1,,,,,,,1453
77,1453,Turks captured Constantinople; Renaissance in Europe.,,,,4,"[Middle Ages, ]",,1,1,,,,,,,,,,,,,,,,,,1453
78,1455,First book printed with moveable type: Johannes Gutenberg's revolution in printing technology makes mass-market reading possible,,,,6,"[Middle Ages, ]",,1,,,,,,,,,,,,,,,,,,,1455
79,1490,"Leonard da Vinci draws the ""Vitruvian Man"" showing proportions of the human body.","The drawing, which is in ink on paper, depicts a man in two superimposed positions with his arms and legs apart and inscribed in a circle and square.",https://en.wikipedia.org/wiki/Vitruvian_Man,,7,"[Renaissance, ]",,,,,,,,,,,,,,,,,,,,,1490
80,1492,Discovery of America by Columbus.,,,,1,"[America, ]",1,1,,,,,,,,,,,,,,,,,,,1492
81,1492,"Christopher Columbus discovers the New World, bringing the Americas into a global trading/cultural system",,,,1,"[America, ]",1,1,,,,,,,,,,,,,,,,,,,1492
82,1498,Sea-route to India discovered by Vasco-de-Gama.,,,,3,"[India, ]",,1,1,,,,,,,1,,,,,,,,,,,1498
83,1509,"Invention of the watch: essential to a modern economy and administration, this introduces the concept of regular timekeeping",,,,7,"[Inventions, ]",,,,,,,,,,,,,,,,,,,,,1509
84,1517,Martin Luther launches the Reformation. It is the start of Protestant Christianity and the idea of religious individualism,,,,4,"[Christianity, ]",,1,,,,,,,,,,,,1,,,,,,,1517
85,1519,"Cortes begins his conquest of South America, which becomes part of the wider world economic and political system",,,,5,"[Latin America, ]",,,,,,,,,,,,,,,,,,,,,1519
86,1526,The Mughals empire begings. The Mughals from Central Asia began to rule parts of India,,,,6,"[India, Empire, Asia, ]",,,1,,,,,,,1,,,,,,,,,,,1526
87,1543,Copernicus publishes his Heliocentric theory -- that planents revolve around the sun,"This model positioned theÂ SunÂ at the center of theÂ Universe, motionless, withÂ EarthÂ and the otherÂ planetsÂ orbitingÂ around it in circularÂ paths, modified byÂ epicycles, and at uniform speeds. The Copernican model displaced theÂ geocentric modelÂ ofÂ PtolemyÂ that had prevailed for centuries, which had placed Earth at the center of the Universe.",,,7,,,1,,,,,,,,,,,,,,,,1,,,1543
88,1564,William Shakespeare is born: his plays make fundamental statements about the human condition,,,,4,"[Britain, Literature, ]",,1,,,,,1,,,,,,,,,,,,,,1564
89,1588,Spanish Armada defeated.,,,,5,"[Europe, Spain, ",,1,,,,,,,,,,,,,,,,,1,,1588
90,1600,British East India Company established in India.,,,,6,"[Britain, India, ]",,1,,,,,1,,,1,,,,,,,,,,,1600
91,1603,Death of Queen Elizabeth I.,"Her reign is famous for the defeat of the Armada, and for successful raids against the Spanish. Elizabeth established an English church that helped shape a national identity and remains in place today",https://en.wikipedia.org/wiki/Elizabeth_I#Death,,5,,,1,,,,,1,,,,,,,,,1,,,,,1603
92,1609,Kepler discovers that planets have elliptical orbits,"Kepler discovered that the orbit of Mars was an ellipse. InÂ 1609Â he published Astronomia Nova, delineating his discoveries, which are now called Kepler's first two laws of planetary motion.",,,6,,,1,,,,1,,,,,,,,,,,,1,,,1609
93,1620,"Mayflower arrives in America -- Pilgrims arrived at Cape Cod, carrying passengers from England.","Mayflower arrived in New England onÂ November 11, 1620Â after a voyage of 66 days. Although the Pilgrims had originally intended to settle near the Hudson River in New York, dangerous shoals and poor winds forced the ship to seek shelter at Cape Cod.",https://en.wikipedia.org/wiki/Mayflower,"The puritans wanted to ""purify"" England's Anglician church. QE1 and King James (in the early 1600's) ""Persecuted"" them.",3,,,,,,,,,,,,,,,1,,,,,,,1620
94,1632,"Galileo publishes a book claiming that the planets moved around the sun (Heliocentric), and angering the then pope.","In 1632 Galileo angered the Pope when he published a book in which he openly stated that the Earth was moving around the Sun. He was put on trial by the Inquisition in Rome, where he was found suspect of heresy, and forced to say that all of his findings were wrong",,,7,,,1,,,,1,,,,,,,,1,,,,1,,,1632
95,1649,Execution of Charles I.,,,,8,"[Britain, ]",,1,,,,,1,,,,,,,,,,,,,,1649
96,1651,"Thomas Hobbes's Leviathan is published: this is the origin of the modern idea of civil society, equality before the law and egoistic individualism",,,,8,"[Britain, ]",,1,,,,,1,,,,,,,,,,,,,,1651
97,1660,Monarchy restored in England.,,,,6,"[Britain, ]",,1,,,,,1,,,,,,,,,,,,,,1660
98,1665,The Great Plague of England.,,,,6,"[Catastrophes, ]",,1,,,,,1,,,,,,,,,,,,,,1665
99,1666,The Great Fire of London,"The city was essentially medieval in its street plan, an overcrowded warren of narrow, winding, cobbled alleys. Building with wood and roofing withÂ thatchÂ had been prohibited for centuries, but these cheap materials continued to be used.",https://en.wikipedia.org/wiki/Great_Fire_of_London,"The 1666 fire, in essense ended ""Medieval"" London, and led to important restructuring. Remember, it came 1 year after the Great Plague.",6,"[Catastrophes, ]",,1,,,,,1,,,,,,,,,,,,,,1666
100,1668,Glorious Revolution in England.,,,,8,"[Britain, ]",,1,,,,,1,,,,,,,,,,,,,,1668
101,1687,"Isaac Newton publishes Principia Mathematica, the foundation of modern physics",,,,5,"[Britain, ]",,1,,,,,1,,,,,,,,,,,,,,1687
102,1704,Battle of Blenheim.,,,,9,"[Europe, Spain, Germany]",,1,,,,,1,,,,,,,,,,,,,,1704
103,1707,Union of England and Scotland.,,,,6,"[Britain, ]",,1,,,,,1,,,,,,,,,,,,,,1707
104,1735,"Euler solves the ""Seven Bridges of Kongsberg"" problem, the start of the Graph Theory branch of mathematics.","In 1735, Euler presented a solution to the problem known as theÂ Seven Bridges of KÃ¶nigsberg.[73]Â The city ofÂ KÃ¶nigsberg,Â PrussiaÂ was set on theÂ PregelÂ River, and included two large islands that were connected to each other and the mainland by seven bridges. The problem is to decide whether it is possible to follow a path that crosses each bridge exactly once and returns to the starting point. It is not possible. This solution is considered to be the first theorem ofÂ graph theory",https://en.wikipedia.org/wiki/Seven_Bridges_of_K%C3%B6nigsberg,,7,,,1,,,,,,,,,,,,,,,,1,,,1735
105,1776,American Declaration of Independence determines the political evolution of the New World and the rise of American power,,,,1,"[America, ]",1,,,,,,,,,,,,,,,,,,,,1776
106,1776,Declaration of American Independence.,,,,1,"[America, ]",1,,,,,,,,,,,,,,,,,,,,1776
107,1776,"Adam Smith publishes the Wealth of Nation, a fundament work in Classical Economics","The central thesis of Smith's ""The Wealth of Nations"" is thatÂ our individual need to fulfill self-interest results in societal benefit, in what is known as his ""invisible hand"".",https://en.wikipedia.org/wiki/The_Wealth_of_Nations,,3,,,,,,,,,,,,,,,,,,,,,,1776
108,1789,French Revolution marks a fundamental break with the tradition of monarchy; the 'rights of man' are enshrined,,,,5,"[France, Enlightenment]",,1,,,,,,1,,,,,,,,,,,,,1789
109,1789,French Revolution; George Washington elected the first President of America.,,,,5,"[France, America]",1,,,,,,,1,,,,,,,,,,,,,1789
110,1803,"Start of the Lewis & Clark expedition, in America.","TheÂ Lewis and Clark ExpeditionÂ from August 31, 1803, to September 25, 1806, also known as theÂ Corps of Discovery Expedition, was the United States expedition to cross the newly acquired western portion of the country after theÂ Louisiana Purchase.",https://en.wikipedia.org/wiki/Lewis_and_Clark_Expedition,It took exactly 30 years after America independence for a team to cross from the East coast to the west coast.,4,"[Expeditions, Firsts, ]",1,,,,,,,,,,,,,,,,,,,,1803
111,1805,Battle of Trafalagar and Nelson's death.,,,,7,"[Britain, France,]",,1,,,,,1,,,,,,,,,,,,,,1805
112,1815,Battle of Waterloo; Napolean exiled to St. Helena.,,,,3,"[France, ]",,1,,,,,,1,,,,,,,,,,,,,1815
113,1815,"Battle of Waterloo: the Napoleonic Empire ends, and with it Napoleon's ambition to rule and reform all of Europe",,,,3,"[France, ]",,1,,,,,,1,,,,,,,,,,,,,1815
114,1821,Death of Napolean.,,,,7,"[France, ]",,1,,,,,,1,,,,,,,,,,,,,1821
115,1825,"Rocket steam locomotive built, marking the start of the railway age of cheap, fast land transport",,,,7,"[Britain, Inventions, ]",,1,,,,,1,,,,,,,,,,,,,,1825
116,1832,Reforms Bill passed in England.,,,,9,"[Britain, ]",,1,,,,,1,,,,,,,,,,,,,,1832
117,1837,Queen Victoria's accession to the throne of England.,,,,4,"[Britain, ]",,1,,,,,1,,,,,,,,,,,,,,1837
118,1859,"Drilling of the first modern oil well.  At Titusville, Penn., Col. Edwin Drake drilled the first successful well through rock and produced crude oil",,,,5,"[Discovery, ",1,,,,,,,,,,,,,,,,,,,,1859
119,1859,"Publication of Darwin's The Origin of Species. His theory of evolution transforms the view of Man and his environment, and belief in God","Â Published on 24 November 1859, is a work ofÂ scientific literatureÂ byÂ Charles DarwinÂ that is considered to be the foundation ofÂ evolutionary biology",https://en.wikipedia.org/wiki/On_the_Origin_of_Species,"Darwin conceived the ideas in 1839, and waited 20 years for various reasons.",5,,,1,,,,,1,,,,,,,,,,,1,,,1859
120,1861,Beginning of the American Civil War.,,,,4,"[America, ]",1,,,,,,,,,,,,,,,,,,,,1861
121,1863,Slavery abolished in USA,,,,5,"[America, ]",1,,,,,,,,,,,,,,,,,,,,1863
122,1865,Assassination of Abraham Lincoln.,,,,5,"[America, ]",1,,,,,,,,,,,,,,,,,,,,1865
123,1867,Purchase of Alaska - US buys Alaska from Russia.,Â Secretary of State William Seward made the purchase which also ended RussiaÂ’s presence in North America and ensured U.S. access to the Pacific northern rim.,https://en.wikipedia.org/wiki/Alaska_Purchase,,7,,1,1,,,,,,,,,,,,,,,1,,,,1867
124,1869,Opening of the Suez Canal for traffic.,,,,7,"[Africa, France]",,,,1,,,,1,,,,,,,,,,,,,1869
125,1871,"""Dr. Livingstone, I presume"": US journalist Stanley finds explorer Dr. Livingstone","After nearly eight months Stanley found Livingstone in Ujiji, a small village on the shore of Lake Tanganyika on November 10, 1871.",https://en.wikipedia.org/wiki/Henry_Morton_Stanley#Finding_David_Livingstone,"Slave trade ended ~1850, and colonization of Congo happened in 1885. This episode was right in between.",7,,,,,1,,,1,,,,,,,,,,,,,,1871
126,1885,"Benz develops first petrol-driven car, starting the most profound technical and social revolution of the modern age",,,,6,"[Inventions, Germany, Europe]",,1,,,,,,,,,,,,,,,,,,,1885
127,1893,New Zealand introduces unrestricted women's suffrage. At this point women win the principle of full political equality,,,,7,[World],,,,,,,,,,,,,,,,,,,,,1893
128,1895,Roentgen discovered X-Rays.,,,,5,"[Invention, Science, Germany]",,1,,,,1,,,,,,,,,,,,,,,1895
129,1896,Marconi invented wireless.,,,,4,"[Invention, Science, Italy]",,1,,,,,,,,,1,,,,,,,,,,1896
130,1904,Russiao-Japan war.,,,,7,"[Russia, Japan, ]",,,1,,,,,,,,,,,,,,1,,1,,1904
131,1905,Japan defeated Russia; Discovery of the theory of Relativity by Einstein.,,,,3,"[Japan, Science,]",,,1,,,,,,,,,,,,,,,,1,,1905
132,1905,Einstein's theory of special relativity published. It transforms the nature of modern physical knowledge,,,,4,"[Science,]",,1,,,,,,,,,,,,,,,,,,,1905
133,1911,Roald Amundsen becomes the first person to reach the South Pole.,"The first ever expedition to reach the geographic Southern Pole was led by theÂ NorwegianÂ explorer Roald Amundsen. He and four others arrived at the pole on 14 December 1911, five weeks ahead of a British party led by Robert Falcon Scott as part of the Terra Nova Expedition.",https://en.wikipedia.org/wiki/Amundsen%27s_South_Pole_expedition,The North Pole was reached in 1909. So Amundsen changed his plans to head to the South Pole in 1911,5,"[Expeditions, Firsts, ]",,1,,,,,,,,,,,,,,,,,,1,1911
134,1911,Chinese Revolution.,,,,6,"[China, ]",,,,,1,,,,,,,,,,,,,,,,1911
135,1912,Republic of China established.,,,,5,"[China, ]",,,,,1,,,,,,,,,,,,,,,,1912
136,1914,Beginning of World War I.,,,,2,"[Wars, ]",,1,,,,,1,,,,,,,,,,1,,,,1914
137,1917,"Russian Revolution creates the first successful, long-term revolutionary state",,,,5,"[Rusia, ]",,1,,,,,,,,,,,,,,,1,,,,1917
138,1918,End of World War I.,,,,2,"[Wars, ]",,1,,,,,,,,,,,,,,,,,,,1918
139,1918,End of the First World War. The Habsburg and Ottoman empires collapse; maps of Europe and the Middle East are redrawn,,,,2,"[Wars, ]",,1,,,,,,,,,,,,,,,,,,,1918
140,1919,Treaty of Versailles signed.,,,,4,"[Wars, Europe]",,1,,,,,,1,,,,,,,,,,,,,1919
141,1920,Formation of the League of Nations.,,,,4,"[Wars, Europe]",,1,,,,,,,,,,,,,,,,,,,1920
142,1923,Turkey declared Republic.,,,,7,"[Turkey, World]",,,1,,,,,,,,,,,,,,,,,,1923
143,1928,Alexander FlemingÂ discovered penicillin,In 1928Â Dr Alexander Fleming returned from a holiday to find mould growing on a Petri dish of Staphylococcus bacteria. He noticed the mould seemed to be preventing the bacteria around it from growing. He soon identified that the mould produced a self-defence chemical that could kill bacteria.,https://en.wikipedia.org/wiki/Penicillin#Discovery,,7,,,1,,,,1,1,,,,,,,,,,,1,,1,1928
144,1930,Discovery of planet Pluto,"Tombaugh discovered the tiny, distant planet by use of a new astronomic technique of photographic plates combined with a blink microscope.",,,6,,,,,,,1,,,,,,,,,,,,,,,1930
145,1933,Hitler became the Chancellor of Germany.,,,,5,"[Germany, Europe]",,1,,,,,,,,,,,,,,,,,,,1933
146,1936,Beginning of the Spanish Civil War.,,,,7,"[Spain, Europe,]",,1,,,,,,,,,,,,,,,,,,,1936
147,1939,World War II begins.,,,,1,"[Wars, ]",,1,,,,,,,,,,,,,,,,,,,1939
148,1939,"Outbreak of Second World War: 50 million die worldwide from 1939-45 in the world's largest and most deadly conflict, which ends the long age of imperialisms",,,,1,"[Wars, ]",,1,,,,,,,,,,,,,,,,,,,1939
149,1941,Russia invaded by Hitler; Pearl Harbour invaded by Japan.,,,,6,"[Wars, ]",,1,,,,,,,,,,,,,,,1,,,,1941
150,1945,Establishment of UNO; End of World War II; Hiroshima and Nagasaki experience the first dropping of the Atom Bomb; Death of President Roosevelt.,,,,6,"[Wars, ]",,1,1,,,,,,,,,,,,,,,,,,1945
151,1945,End of Second World War;,,,,1,"[Wars, ]",,1,1,,,,,,,,,,,,,,,,,,1945
152,1945,"when the first nuclear bomb is detonated, mankind develops the means to destroy itself",,,,2,"[Japan, Science,]",1,,1,,,,,,,,,,,,,,,,1,,1945
153,1946,Civil War in China.,,,,5,"[Wars, ]",,,,,1,,,,,,,,,,,,,,,,1946
154,1948,Burma and Ceylon get independence.,,,,8,"[Asia, World,]",,,1,,,,,,,,,,,,,,,,,,1948
155,1949,Indonesia gets independence;,,,,8,,,,1,,,,,,,,,,,,,,,,,,1949
156,1949,The Communists capture power in China.,,,,4,"[Government, ]",,,1,,1,,,,,,,,,,,,,,,,1949
157,1949,Communist China founded: China is created as a single territorial unit with a common administration and a modernising economy,,,,6,,,,1,,1,,,,,,,,,,,,,,,,1949
158,1952,General Eisenhower elected as the American President.,,,,3,,1,,,,,,,,,,,,,,,,1,,,,1952
159,1953,Death of Stalin; Mt. Everest conquered for the first time.,,,,3,,,,1,,,,,,,,,,,,,,,,,,1953
160,1954,Military Aid Pact between China and Pakistan;,,,,9,,,,1,,1,,,,,1,,,,,,,,,,,1954
161,1954,Chou En-lai visits India.,,,,10,,,,,,,,,,,,,,,,,,,,,,1954
162,1955,Austria gets independence; Bandung Conference.,,,,7,,,1,,,,,,,,,,,,,,,,,,,1955
163,1956,"Suez Canal nationalised by President Nasser; Egypt attacked by the forces of Britain, France and Israel.",,,,6,,,,,1,,,,,,,,1,,,,,,,,,1956
164,1957,First artificial satellite launched by Russia.,,,,6,,,,,,,,,,,,,,,,,,1,,,,1957
165,1958,Egypt and Syria united and renamed United Arab Republic (UAR),,,,7,,,,,1,,,,,,,,,,,,,,,,,1958
166,1959,Chinese capture Tibet; Dalai Lama flees to India; Sputnik launched by Russia.,,,,5,,,,,,1,,,,,1,,,,1,,,,,,,1959
167,1959,"Invention of the silicon chip is the major technical invention of the past century, making possible the computer age",,,,5,,1,,,,,,,,,,,,,,,,,,,,1959
168,1960,Explosion of an atom bomb device by France;,,,,3,"[Wars, ]",,1,,,,,,1,,,,,,,,,,1,,,1960
169,1960,Election of John F. Kennedy as President of USA,,,,2,"[Government, ]",1,,,,,,,,,,,,,,,,,,,,1960
170,1960,"First contraceptive pill made available for women, who can now make their own biological choices about reproduction",,,,6,,1,,,,,,,,,,,,,,,,,,,,1960
171,1961,Yuri Gagarin of USSR becomes the first spaceman.,,,,5,,,,,,,,,,,,,,,,,,1,,,,1961
172,1963,John F. Kennedy assassinated.,,,,3,"[Government, ]",1,,,,,,,,,,,,,,,,,,,,1963
173,1963,Partial Nuclear Test-Ban Treaty signed;,,,,7,,,,,,,,,,,,,,,,,,,,,,1963
174,1963,Malaysia established,,,,6,"[Government, ]",,,1,,,,,,,,,,,,,,,,,,1963
175,1964,Discovery of the Universe's Cosmic microwave Background Radiation,"In 1964 while using the Horn Antenna, Penzias and Wilson stumbled on the microwave background radiation that permeates the universe.",https://en.wikipedia.org/wiki/Discovery_of_cosmic_microwave_background_radiation,,7,,1,,,,,1,,,,,,,,,,,,1,,,1964
176,1965,Singapore becomes the sovereign independent nation,,,,6,,,,1,,,,,,,,,,,,,,,,,,1965
177,1965,"Outbreak of the Second Indo-Pak war, also called the ""Second Kashmir War""",,https://en.wikipedia.org/wiki/Indo-Pakistani_War_of_1965,,7,,,,1,,,,,,,1,,,,,,,,,1,,1965
178,1965,Death of Sir Winston Churchill,,,,4,,,1,,,,,1,,,,,,,,,,,,,,1965
179,1966,Tashkent Pact; A Russian aircraft lands on moon.,,,,8,,,,,,,,,,,,,,,,,,1,,,,1966
180,1967,Chinese explode hydrogen bomb; Arab-Israel War; Suez Canal closed.,,,,8,,,,,1,1,,,,,,,,,,,,,,1,,1967
181,1971,"Outbreak of Indo-Pak war; Birth of Bangladesh; Surrender of 93,000 Pakistani troops; Khruschev died; Z.A. Bhutto new President of Pakistan.",,,,6,,,,1,,,,,,,1,,,,,,,,,1,,1971
182,1972,Sheikh Mujibur Rahman freed from Pakistani Jail and assumed the office of P.M. Bangladesh; Nixon of USA visited China; King Mahendra of Nepal died; USA and the USSR sign Strategic Arms Limitations Treaty.,,,,9,,,,1,,,,,,,,,,,,,,,,,,1972
183,1973,Outbreak of fourth Arab-Israeli war; Fourth non-aligned summit in Algiers.,,,,7,,,,1,1,,,,,,,,,,,,,,,,,1973
184,1975,"Sheikh Mujibur Rahman, President of Bangladesh assassinated; King Faisal of Saudi Arabia, assassinated; Suez Canal reopened; Red Cross force Cambodia Government to Surrender.",,,,7,,,,,1,,,,,,,,,,,,,,,,,1975
185,1976,"Chou-En Lai, P.M. of China, died; Seychelles gets independence; Viking I lands on Mars; Mao Tse-tung died; Jimmy Carter elected President of USA",,,,9,,1,,,,1,,,,,,,,,,,,,,,,1976
186,1978,"Agreement between Israel and Egypt; Vietnam attacked Cambodia; Z.A. Bhutto, former P.M. of Pakistan, sentenced to death; Bloody coup in Afghanistan; Mohammed Daoud assassinated; World's first test-tube baby born.",,,,9,,,,,,,,,,,,,,,,,,,,,,1978
187,1979,Chinese aggression in Vietnam; Cambodian rebels grab power in Pnom Penh; Mr. Z.A. Bhutto hanged; Mrs. Margaret Thatcher is the first woman P.M. of Britain.,,,,9,,,,,,1,,,,,,,,,,,,,,,,1979
188,1980,Ronald Reagon elected USA President.,,,,3,,1,,,,,,,,,,,,,,,,,,,,1980
189,1980,War starts between Iran and Iraq,,,,5,"[Conflicts, ]",,,1,,,,,,,,,,,,,,,,1,,1980
190,1982,"Falklands, captured by Argentina; Israel attacks South Lebanon; Argentina forces surrender to British; P.L.O. Chief Yesser Arafat leaves Beirut; Bashir Gemyel, the President elect of Lebanon, assassinated; Soviet President breathes his last.",,,,4,,,,,,,,,,,,,,,,,,,,,,1982
191,1983,US attacks Grenada; USA withdraws from UNESCO.,,,,4,,1,,,,,,,,,,,,,,,,,,1,,1983
192,1985,India gets Presidentship of the UN Security Council,,,,7,,,,,,,,,,,1,,,,,,,,,,,1985
193,1985,"Soviet President, Mr. Konstantin Chernenko, dies",,,,7,,,,,,,,,,,,,,,,,,1,,,,1985
194,1985,Vietnam withdraws troops from Kampuchia.,,,,8,,,,1,,,,,,,1,,,,,,,,,1,,1985
195,1986,American air attack on Libya.,,,,8,,1,,,,,,,,,,,,,,,,,,,,1986
196,1987,"Nuclear tests by USSR; Fresh proposal by Gorbachev; Group 77 meet at Havana; Unsuccessful military coup in Philippines, Prime Minister of Lebanon killed.",,,,8,,,,,,,,,,,,,,,,,,,,,,1987
197,1988,"WHO observes 7th of April as no smoking day, French President re-elected, Gen. Zia-ul-Haq killed in plane crash, Quake kills about 1,000 people in Bihar (India), George Bush elected President of USA, Arafat declares on independent state of Palestine, Nearly 1,00,000 people killed in earthquake in Armenia.",,,,8,,,,,,,,,,,1,,,,,,,,,,,1988
198,1989,Collapse of Communist regimes in Europe: marks the end of the long communist experiment; Asian communism is also transformed.,,,,3,,,,,,,,,,,,,,,,,,,,,,1989
199,1989,The UN Peace keeping force starts implementation of UN Resolution 435 for the independence of  Namibia.,,,,8,,,,,1,,,,,,,,,,,,,,,,,1989
200,1990,The Panamanian President surrenders to the United States. South Africa lifts lean on African National Congress. Lithuania declares independence from the Soviet Union. Namibia becomes a free nation. Iraq overruns Kuwait. East and West Germanys unite.,,,,8,,,,,,,,,,,,,,,,,,1,,,,1990
201,1991,"War breaks out in the Gulf when Iraq invades Kuwait, resulting in the defeat of Iraq.",,,,5,,,,1,,,,,,,,,1,,,,,,,1,,1991
202,1993,"5 new members of security council START II treaty between Russian & US Presidents, Security Council resolution on Angola, Emergency in Zambia, Elections in Australia.",,,,8,,,,,,,,,,,,,,,,,,1,,,,1993
203,1994,South Africa emerged from aparthied regime with Nelson Mandela as its president. GATT treaty signed to create World Trade Organisation (WTO).,,,,6,,,,,,,,,,,,,,,,,,,,,,1994
204,1995,WTO comes into existence. Nuclear test by France. Balkan peace accord signed.,,,,8,,,,,,,,,,,,,,,,,,,,,,1995
205,1996,Kofi Annan new UN Secretary General.,,,,5,,,,,,,,,,,,,,,,,,,,,,1996
206,1996,Clinton re-elected US President.,,,,4,,1,,,,,,,,,,,,,,,,,,,,1996
207,1996,India refuses to sign CTBT.,,,,8,,,,,,,,,,,,,,,,,,,,,,1996
208,1996,Shekh Hasina Wajed new PM of Bangladesh.,,,,10,,1,,,,,,,,,1,,,,,,,,,,,1996
209,1996,Taliban capture Kabul and execute former communist President Najibullah.,,,,8,"[Conflicts, ]",,,1,,,,,,,,,,,,,,,,1,1,1996
210,1996,Dolly the sheep becomes the first mammal to be cloned from an adult cell.,"Her birth proved that specialised cells could be used to create an exact copy of the animal they came from. This knowledge changed what scientists thought was possible and opened up a lot of possibilities in biology and medicine, including the development of personalised stem cells known as iPS cells.",https://en.wikipedia.org/wiki/Dolly_(sheep),,6,,,,,,,,,,,,,,,,,,,,,,1996
211,1997,Tony Blair back in power in UK. Mohd. Khatami elected president of Iran. Hong Kong goes back to China after 99 year British rule.,,,,5,,,,,,1,,1,,,,,,,,,,,,,,1997
212,1998,Indonesian President Suharto resigns. Pakistan test fires `Gauri' missile. US President Clinton faces impeachment.,,,,8,,1,,,,,,,,,,,,,,,,,,,,1998
213,1999,G-15 Summit ends,,,,6,,,1,,,,,,,,,,,,,,,,,,1,1999
214,1999,Yugoslavia accepts a peace plan for Kosovo.,,,,8,,,1,,,,,,,,,,,,,,,,,,,1999
